name,email,phone,title
Reese Dalton,reese.dalton100@agency.net,+1-555-1000,Engineering
Avery Sinclair,avery.sinclair101@agency.net,+1-555-1001,Engineering
Finley Porter,finley.porter102@agency.net,+1-555-1002,Logistics
Cameron Porter,cameron.porter103@agency.net,+1-555-1003,Engineering
Kendall Kensington,kendall.kensington104@agency.net,+1-555-1004,Intelligence
Skyler Quinn,skyler.quinn105@agency.net,+1-555-1005,Analysis
Sawyer Granger,sawyer.granger106@agency.net,+1-555-1006,Operations
Casey Sinclair,casey.sinclair107@agency.net,+1-555-1007,Operations
Avery Kerr,avery.kerr108@agency.net,+1-555-1008,Logistics
Elliot Quinn,elliot.quinn109@agency.net,+1-555-1009,Communications
Kendall Forrester,kendall.forrester110@agency.net,+1-555-1010,Intelligence
Dakota Lennox,dakota.lennox111@agency.net,+1-555-1011,Operations
Logan Forrester,logan.forrester112@agency.net,+1-555-1012,Engineering
Finley Granger,finley.granger113@agency.net,+1-555-1013,Intelligence
Skyler Granger,skyler.granger114@agency.net,+1-555-1014,Analysis
Hayden Kensington,hayden.kensington115@agency.net,+1-555-1015,Logistics
Elliot Porter,elliot.porter116@agency.net,+1-555-1016,Analysis
Taylor Quinn,taylor.quinn117@agency.net,+1-555-1017,Operations
Kendall Kensington,kendall.kensington118@agency.net,+1-555-1018,Engineering
Parker Quinn,parker.quinn119@agency.net,+1-555-1019,Analysis
Jordan Hale,jordan.hale120@agency.net,+1-555-1020,Logistics
Elliot Kerr,elliot.kerr121@agency.net,+1-555-1021,Intelligence
Marley Harper,marley.harper122@agency.net,+1-555-1022,Intelligence
Sawyer Reeves,sawyer.reeves123@agency.net,+1-555-1023,Analysis
Skyler Bishop,skyler.bishop124@agency.net,+1-555-1024,Engineering
Parker Harper,parker.harper125@agency.net,+1-555-1025,Communications
Dakota Kerr,dakota.kerr126@agency.net,+1-555-1026,Logistics
Casey Hale,casey.hale127@agency.net,+1-555-1027,Engineering
Sydney Harrington,sydney.harrington128@agency.net,+1-555-1028,Communications
Hayden Monroe,hayden.monroe129@agency.net,+1-555-1029,Logistics
Logan Keaton,logan.keaton130@agency.net,+1-555-1030,Communications
Sydney Ellison,sydney.ellison131@agency.net,+1-555-1031,Communications
Jordan Reeves,jordan.reeves132@agency.net,+1-555-1032,Operations
Cameron Kerr,cameron.kerr133@agency.net,+1-555-1033,Intelligence
Morgan Ellison,morgan.ellison134@agency.net,+1-555-1034,Operations
Dakota Quinn,dakota.quinn135@agency.net,+1-555-1035,Analysis
Morgan Dalton,morgan.dalton136@agency.net,+1-555-1036,Intelligence
Morgan Monroe,morgan.monroe137@agency.net,+1-555-1037,Operations
Avery Lennox,avery.lennox138@agency.net,+1-555-1038,Logistics
Morgan Kensington,morgan.kensington139@agency.net,+1-555-1039,Communications
Kendall Reeves,kendall.reeves140@agency.net,+1-555-1040,Intelligence
Logan Kensington,logan.kensington141@agency.net,+1-555-1041,Operations
Kendall Langley,kendall.langley142@agency.net,+1-555-1042,Communications
Reese Keaton,reese.keaton143@agency.net,+1-555-1043,Engineering
Skyler Bishop,skyler.bishop144@agency.net,+1-555-1044,Logistics
Logan Sinclair,logan.sinclair145@agency.net,+1-555-1045,Logistics
Marley Hale,marley.hale146@agency.net,+1-555-1046,Analysis
Kendall Reeves,kendall.reeves147@agency.net,+1-555-1047,Communications
Finley Harper,finley.harper148@agency.net,+1-555-1048,Intelligence
Skyler Porter,skyler.porter149@agency.net,+1-555-1049,Logistics
Jordan Keaton,jordan.keaton150@agency.net,+1-555-1050,Communications
Cameron Harrington,cameron.harrington151@agency.net,+1-555-1051,Engineering
Avery Sloan,avery.sloan152@agency.net,+1-555-1052,Operations
Reese Sloan,reese.sloan153@agency.net,+1-555-1053,Communications
Morgan Reeves,morgan.reeves154@agency.net,+1-555-1054,Operations
Avery Bishop,avery.bishop155@agency.net,+1-555-1055,Intelligence
Reese Monroe,reese.monroe156@agency.net,+1-555-1056,Intelligence
Logan Monroe,logan.monroe157@agency.net,+1-555-1057,Intelligence
Taylor Langley,taylor.langley158@agency.net,+1-555-1058,Communications
Hayden Sloan,hayden.sloan159@agency.net,+1-555-1059,Logistics
Kendall Hale,kendall.hale160@agency.net,+1-555-1060,Intelligence
Skyler Sloan,skyler.sloan161@agency.net,+1-555-1061,Analysis
Avery Bishop,avery.bishop162@agency.net,+1-555-1062,Operations
Sawyer Langley,sawyer.langley163@agency.net,+1-555-1063,Logistics
Dakota Forrester,dakota.forrester164@agency.net,+1-555-1064,Engineering
Dakota Granger,dakota.granger165@agency.net,+1-555-1065,Logistics
Riley Porter,riley.porter166@agency.net,+1-555-1066,Operations
Riley Hale,riley.hale167@agency.net,+1-555-1067,Analysis
Skyler Dalton,skyler.dalton168@agency.net,+1-555-1068,Logistics
Marley Lennox,marley.lennox169@agency.net,+1-555-1069,Intelligence
Dakota Dalton,dakota.dalton170@agency.net,+1-555-1070,Communications
Parker Quinn,parker.quinn171@agency.net,+1-555-1071,Operations
Skyler Ellison,skyler.ellison172@agency.net,+1-555-1072,Logistics
Sydney Bishop,sydney.bishop173@agency.net,+1-555-1073,Engineering
Morgan Sinclair,morgan.sinclair174@agency.net,+1-555-1074,Logistics
Sawyer Forrester,sawyer.forrester175@agency.net,+1-555-1075,Analysis
Casey Reeves,casey.reeves176@agency.net,+1-555-1076,Logistics
Kendall Langley,kendall.langley177@agency.net,+1-555-1077,Operations
Taylor Ellison,taylor.ellison178@agency.net,+1-555-1078,Logistics
Morgan Reeves,morgan.reeves179@agency.net,+1-555-1079,Logistics
Jordan Quinn,jordan.quinn180@agency.net,+1-555-1080,Intelligence
Hayden Kensington,hayden.kensington181@agency.net,+1-555-1081,Engineering
Jordan Mercer,jordan.mercer182@agency.net,+1-555-1082,Operations
Riley Kerr,riley.kerr183@agency.net,+1-555-1083,Engineering
Reese Lennox,reese.lennox184@agency.net,+1-555-1084,Intelligence
Finley Harper,finley.harper185@agency.net,+1-555-1085,Operations
Cameron Hale,cameron.hale186@agency.net,+1-555-1086,Engineering
Sydney Hale,sydney.hale187@agency.net,+1-555-1087,Operations
Morgan Ellison,morgan.ellison188@agency.net,+1-555-1088,Intelligence
Taylor Dalton,taylor.dalton189@agency.net,+1-555-1089,Communications
Taylor Monroe,taylor.monroe190@agency.net,+1-555-1090,Intelligence
Dakota Forrester,dakota.forrester191@agency.net,+1-555-1091,Operations
Parker Dalton,parker.dalton192@agency.net,+1-555-1092,Analysis
Logan Forrester,logan.forrester193@agency.net,+1-555-1093,Analysis
Dakota Mercer,dakota.mercer194@agency.net,+1-555-1094,Engineering
Skyler Forrester,skyler.forrester195@agency.net,+1-555-1095,Logistics
Skyler Dalton,skyler.dalton196@agency.net,+1-555-1096,Analysis
Parker Kerr,parker.kerr197@agency.net,+1-555-1097,Intelligence
Casey Porter,casey.porter198@agency.net,+1-555-1098,Logistics
Sydney Mercer,sydney.mercer199@agency.net,+1-555-1099,Intelligence